{
 "base": "/data1/hub/models--google--gemma-4-E2B-it/snapshots/905e84b50c4d2a365ebde34e685027578e6728db/",
 "all_labels": true,
 "lr": 5e-05,
 "epochs": 3,
 "KDPII_test": {
  "f1": 0.3531441717791411,
  "precision": 0.30107878391631254,
  "recall": 0.42698191933240615
 },
 "generated_540": {
  "f1": 0.7012264508787457,
  "precision": 0.6377644894204232,
  "recall": 0.7787138444257231
 }
}