{
 "base": "klue/roberta-large",
 "with_generated": true,
 "KDPII_test": {
  "f1": 0.9365705614567527,
  "precision": 0.9239520958083832,
  "recall": 0.9495384615384616
 },
 "generated_540": {
  "f1": 0.8622837370242215,
  "precision": 0.8522571819425444,
  "recall": 0.8725490196078431
 }
}