{
 "base": "openai/privacy-filter",
 "with_generated": true,
 "KDPII_test": {
  "f1": 0.13793103448275862,
  "precision": 0.18894472361809045,
  "recall": 0.10860774119006354
 },
 "generated_540": {
  "f1": 0.2091217855409995,
  "precision": 0.21315529179030662,
  "recall": 0.20523809523809525
 }
}