{
 "model": "/data1/mk04/pii_ner/out/klue_all_slurm/final",
 "KDPII_test": {
  "ml": {
   "f1": 0.9485580670303975,
   "p": 0.9666401906274821,
   "r": 0.9311400153022188
  },
  "ml_verified": {
   "f1": 0.9186372745490982,
   "p": 0.9646464646464646,
   "r": 0.8768171384850804
  },
  "drops": {
   "CARD": {
    "gold": 71,
    "nongold": 0
   }
  }
 },
 "generated_540": {
  "ml": {
   "f1": 0.9427830124266011,
   "p": 0.932972972972973,
   "r": 0.9528015456803753
  },
  "ml_verified": {
   "f1": 0.9292059966685176,
   "p": 0.9346551242669645,
   "r": 0.9238200386420093
  },
  "drops": {
   "CORP_REG": {
    "gold": 29,
    "nongold": 1
   },
   "BUSINESS_REG": {
    "gold": 74,
    "nongold": 6
   },
   "CARD": {
    "gold": 2,
    "nongold": 7
   }
  }
 }
}